name;mass;orbital_period;discovered;radius;semi_major_axis;star_distance;star_teff
11 Oph b;21.0;730000.0;2007;1;243.0;145.0;2375.0
14 Her b;9.1;1763.3;2002;;2.845;18.1;5311.0
14 Her c;6.9;52596.0;2006;1;27.4;18.1;5311.0
2M 1938+46 b;1.9;416.0;2015;1;0.92;;
2M 2140+16 b;20.0;7340.0;2010;0.92;3.53;25.0;2300.0
2M 2206-20 b;30.0;8686.0;2010;1.3;4.48;26.67;2350.0
2M1059-21 b;66.95;690.0;2020;;0.8;31.81;
2M1510A a;40.0;20.902;2020;1.57;0.063;36.6;
2M1510A b;39.3;20.902;2020;1.57;0.063;36.6;
2MASS J00413538-5621127 B;15.0;126.0;2010;;8.9;34.7133;
2MASS J06023447-0034369 b;1.1;3.0525;2021;1.3;;;
2MASS J15344984-2952274 B;28.2;5550.0;2008;;2.3;15.9;
51 Eri b;2.6;10260.0;2015;1.11;11.1;29.4;
51 Peg b;0.47;4.2308;1995;1.9;0.052;14.7;5793.0
55 Cnc b;0.84;14.65314;1996;;0.11339;12.34;5196.0
55 Cnc e;0.02703;0.7365478;2004;0.1737;0.015439;12.34;5196.0
AD 3116 b;54.2;1.982796;2017;1.02;;186.54;3200.0
ASASSN-16kr b;42.0;0.061285932;2021;1.05;0.003;160.5;
ASASSN-17jf b;60.0;0.0567904;2021;1.12;0.0026;286.0;
AU Mic b;0.053;8.462991;2020;0.3908;0.0645;9.79;3700.0
AU Mic c;0.0463;18.858991;2020;0.3131;0.1101;9.79;3700.0
BD+20 594 b;0.07;41.6855;2016;0.23;0.241;180.39;5766.0
CD Cet b;0.01244;2.2907;2020;;0.0185;8.609;3130.0
CI Tau b;11.6;8.9891;2016;;;158.0;
CoRoT-1 b;1.03;1.5089557;2007;1.49;0.0254;460.0;6298.0
CoRoT-10 b;2.75;13.2406;2010;0.97;0.1055;345.0;5075.0
CoRoT-11 b;2.33;2.994325;2010;1.43;0.04351;560.0;6343.0
CoRoT-12 b;0.917;2.828042;2010;1.44;0.04016;1150.0;5675.0
CoRoT-13 b;1.308;4.03519;2010;0.885;0.051;1310.0;5945.0
CoRoT-14 b;7.6;1.51214;2010;1.09;0.027;1340.0;6035.0
CoRoT-15 b;63.4;3.06036;2010;1.12;0.045;;
CoRoT-16 b;0.535;5.35227;2010;1.17;0.0618;840.0;5650.0
CoRoT-17 b;2.43;3.768125;2010;1.02;0.0461;920.0;5740.0
CoRoT-18 b;3.47;1.9000693;2011;1.31;0.0295;870.0;5440.0
CoRoT-19 b;1.11;3.89713;2011;1.29;0.0518;800.0;6090.0
CoRoT-2 b;3.31;1.7429964;2007;1.465;0.0281;300.0;5575.0
CoRoT-20 b;4.24;9.24285;2011;0.84;0.0902;1230.0;5880.0
CoRoT-21 b;2.26;2.72474;2011;1.3;0.0417;;6200.0
CoRoT-22 b;0.06;9.75598;2011;0.4354;0.092;592.0;5939.0
CoRoT-23 b;2.8;3.6314;2011;1.08;0.0477;600.0;5900.0
CoRoT-24 b;0.018;5.1134;2011;0.33;0.056;600.0;4950.0
CoRoT-24 c;0.088;11.759;2011;0.44;0.098;600.0;4950.0
CoRoT-25 b;0.27;4.86069;2012;1.08;0.0578;1000.0;6040.0
CoRoT-26 b;0.52;4.20474;2012;1.26;0.0526;1670.0;5590.0
CoRoT-27 b;10.39;3.57532;2012;1.007;0.0476;;5900.0
CoRoT-29 b;0.85;2.85057;2012;0.9;0.039;765.0;5260.0
CoRoT-3 b;21.66;4.2567994;2008;1.19;0.057;680.0;6558.0
CoRoT-30 b;2.9;9.06005;2017;1.009;0.0844;960.0;5660.0
CoRoT-31 b;0.84;4.62941;2017;1.46;0.0586;2190.0;5370.0
CoRoT-32 b;0.15;6.71837;2017;0.57;0.071;;5970.0
CoRoT-33 b;59.2;5.819143;2015;1.1;0.0579;;5225.0
CoRoT-4 b;0.72;9.20205;2008;1.19;0.09;;6190.0
CoRoT-5 b;0.467;4.0378962;2008;1.33;0.04947;400.0;6100.0
CoRoT-6 b;2.96;8.886593;2009;1.166;0.0855;;6090.0
CoRoT-7 b;0.0149;0.853585;2009;0.136;0.0172;150.0;5313.0
CoRoT-7 c;0.04266;3.698;2009;;0.046;150.0;5313.0
CoRoT-8 b;0.2158;6.21229;2010;0.5692;0.063;380.0;5080.0
CoRoT-9 b;0.84;95.273804;2010;0.94;0.407;460.0;5625.0
DENIS-P J082303.1-491201 b;28.5;246.36;2013;;0.36;20.77;
DP Leo (AB) b;6.05;10230.0;2009;;8.19;;
DS Tuc A b;0.088;8.138268;2019;0.5085;0.0795;44.12;5597.0
EPIC 201295312 b;0.0379;5.65639;2016;0.245;;483.19;5912.0
EPIC 205084841 b;0.3883;11.310099;2016;1.561;0.104;860.4;6245.0
EPIC 211442297 b;0.84;20.273034;2017;1.115;0.1367;418.58;5657.0
EPIC 211945201 b;0.085;19.49221;2018;0.514;0.1493;182.69;6069.0
EPIC 212036875 b;51.0;5.16992;2019;0.83;0.0621;;6231.0
EPIC 212737443 b;0.02907;13.603;2019;0.231;0.098;347.45;4684.0
EPIC 212737443 c;0.0303;65.55;2019;0.24;0.28;347.45;4684.0
EPIC 219388192 b;36.0;5.292569;2016;0.846;0.0593;300.0;5850.0
EPIC 220674823 b;0.0263;0.571331;2016;0.162;0.0134;246.1;5617.0
EPIC 220674823 c;0.018;13.339079;2016;0.244;0.1091;246.1;5617.0
EPIC 246193072 b;0.26;12.4551225;2020;0.774;0.1016;230.4;5282.0
EPIC 246851721 b;3.0;6.180235;2018;1.051;0.07229;376.0;6189.0
EPIC 249893012 b;0.02753;3.5951;2020;0.174;0.047;324.7;5430.0
EPIC 249893012 c;0.04616;15.624;2020;0.3274;0.13;324.7;5430.0
EPIC 249893012 d;0.03203;35.747;2020;0.3515;0.22;324.7;5430.0
G 9-40 b;0.016;5.746007;2019;0.181;0.0385;27.93;3348.0
GJ 1132 b;0.00522;1.628931;2015;0.1035;0.0154;12.04;3270.0
GJ 1214 b;0.02571;1.580404497;2009;0.24463;0.01411;13.0;3026.0
GJ 1252 b;0.00658;0.5182349;2018;0.10643;0.00916;20.38;3458.0
GJ 143 b;0.0714;35.61253;2018;0.2329;0.1932;16.33;4640.0
GJ 143 c;0.01164;7.78993;2018;0.07958;0.0695;16.33;4640.0
GJ 229 B;35.0;52890.0;1995;;19.433;5.757;3564.0
GJ 273 b;0.00922;18.64;2017;;0.091;3.8;3382.0
GJ 273 c;0.00374;4.72322;2017;;0.036;3.8;3382.0
GJ 273 d;0.03448;413.9;2019;;0.712;3.8;3382.0
GJ 273 e;0.0297;542.0;2019;;0.849;3.8;3382.0
GJ 3470 b;0.03958;3.336649;2012;0.37380742940036;0.03557;30.7;3652.0
GJ 3473 b;0.00585;1.1980035;2020;0.11277;0.01589;27.39;3347.0
GJ 357 b;0.006566;3.93086;2019;0.10411;0.033;9.444;3505.0
GJ 3634 b;0.026;2.64561;2011;;0.0287;19.8;
GJ 436 b;0.07;2.64394;2004;0.38;0.02887;10.2;3684.0
GJ 486 b;0.00887;1.467119;2021;0.11643;0.01734;8.0761;3340.0
GJ 676 A b;6.7;1052.1;2009;;1.812;16.45;
GJ 676 A c;6.8;7337.0;2012;;6.6;16.45;
GJ 758 b;37.9;109000.0;2009;;33.0;15.5;5425.0
GJ 876 b;2.3941;61.082;2000;;0.214;4.7;3350.0
GJ 876 c;0.7598;30.126;2000;;0.134;4.7;3350.0
GJ 876 d;0.021741;1.938;2005;;0.021;4.7;3350.0
GJ 876 e;0.04855;124.4;2010;;0.345;4.7;3350.0
GJ 9827 b;0.01532;1.2089765;2017;0.13641;0.01866;30.3;4255.0
GJ 9827 c;0.00604;3.648086;2017;0.107;0.03896;30.3;4255.0
GJ 9827 d;0.01076;6.20183;2017;0.17441;0.0555;30.3;4255.0
GPX-1 b;19.7;1.744579;2020;1.47;0.0338;;7000.0
HAT-P-1 b;0.525;4.46529976;2006;1.319;0.05561;139.0;5980.0
HAT-P-10 A b;0.46;3.722469;2008;1.045;0.0439;125.0;4980.0
HAT-P-11 b;0.0736;4.887802443;2009;0.389;0.053;37.89;4780.0
HAT-P-11 c;2.3;3397.0;2018;;4.13;37.89;4780.0
HAT-P-12 b;0.210489884529;3.2130598;2009;0.949;0.0384;142.5;4650.0
HAT-P-13 b;0.85;2.916243;2009;1.28;0.0426;214.0;5638.0
HAT-P-14 b;2.444;4.627686;2010;1.01;0.0606;205.0;6600.0
HAT-P-15 b;1.946;10.863502;2010;1.072;0.0964;190.0;5568.0
HAT-P-16 b;4.193;2.77596;2010;1.289;0.0413;235.0;6158.0
HAT-P-18 b;0.183;5.508029;2010;0.947;0.0559;166.0;4870.0
HAT-P-19 b;0.292;4.008784;2010;1.132;0.0466;215.0;4990.0
HAT-P-2 b;8.74;5.6334729;2007;0.951;0.0674;118.0;6414.0
HAT-P-20 b;7.246;2.875317;2010;0.867;0.0361;70.0;4595.0
HAT-P-21 b;4.063;4.124461;2010;1.024;0.0494;254.0;5588.0
HAT-P-22 b;2.147;3.21222;2010;1.08;0.0414;82.0;5302.0
HAT-P-23 b;2.09;1.212884;2010;1.368;0.0232;393.0;5924.0
HAT-P-24 b;0.685;3.35524;2010;1.242;0.0465;306.0;6373.0
HAT-P-26 b;0.0585;4.234516;2010;0.5647;0.0479;134.0;5079.0
HAT-P-27 b;0.66;3.0395803;2011;1.055;0.0403;204.0;5300.0
HAT-P-28 b;0.626;3.257215;2011;1.212;0.0434;395.0;5680.0
HAT-P-29 b;0.778;5.723186;2011;1.107;0.0667;322.0;6087.0
HAT-P-3 b;0.591;2.899703;2007;0.827;0.03866;130.0;5224.0
HAT-P-30 b;0.711;2.810595;2011;1.34;0.0419;193.0;6250.0
HAT-P-31 b;2.171;5.005425;2011;1.07;0.055;354.0;6065.0
HAT-P-32 b;0.75;2.15000825;2011;1.789;0.03427;320.0;6001.0
HAT-P-33 b;0.763;3.474474;2011;1.827;0.0503;419.0;6401.0
HAT-P-34 b;3.328;5.452654;2012;1.107;0.0677;257.0;6509.0
HAT-P-35 b;1.054;3.646706;2012;1.332;0.0498;535.0;6096.0
HAT-P-36 b;1.832;1.327347;2012;1.264;0.0238;317.0;5580.0
HAT-P-37 b;1.169;2.797436;2012;1.178;0.0379;411.0;5500.0
HAT-P-38 b;0.267;4.640382;2012;0.825;0.0523;249.0;5330.0
HAT-P-39 b;0.599;3.54387;2012;1.571;0.0509;642.0;6430.0
HAT-P-4 b;0.68;3.0565114;2007;1.27;0.0446;310.0;5890.0
HAT-P-40 b;0.615;4.457243;2012;1.73;0.0608;501.0;6080.0
HAT-P-41 b;0.8;2.694047;2012;1.685;0.0426;344.0;6479.0
HAT-P-42 b;0.975;4.641876;2012;1.277;0.0575;447.0;5743.0
HAT-P-43 b;0.66;3.332688;2012;1.283;0.0443;543.0;5645.0
HAT-P-44 b;0.392;4.301217;2013;1.28;0.0507;374.0;5295.0
HAT-P-44 c;1.6;219.9;2013;;0.699;374.0;5295.0
HAT-P-45 b;0.892;3.128992;2013;1.426;0.0452;305.0;6330.0
HAT-P-46 b;0.493;4.463129;2013;1.284;0.0577;296.0;6120.0
HAT-P-46 c;2.0;77.7;2013;;0.387;296.0;6120.0
HAT-P-47 b;0.206;4.732182;2016;1.313;0.0615;268.0;6703.0
HAT-P-48 b;0.168;4.40865;2016;1.131;0.0543;305.0;5946.0
HAT-P-49 b;1.73;2.691548;2014;1.413;0.0438;322.0;6820.0
HAT-P-5 b;1.06;2.788491;2007;1.252;0.04079;340.0;5960.0
HAT-P-50 b;1.36;3.1220109;2015;1.288;0.0453;597.0;6280.0
HAT-P-51 b;0.309;4.2180278;2015;1.293;0.05069;470.0;5449.0
HAT-P-52 b;0.819;2.7535953;2015;1.009;0.03694;385.0;5131.0
HAT-P-53 b;1.487;1.9616241;2015;1.318;0.03159;719.0;5956.0
HAT-P-54 b;0.76;3.799847;2014;0.944;0.04117;135.8;4390.0
HAT-P-55 b;0.582;3.5852467;2015;1.182;0.04604;480.0;5808.0
HAT-P-56 b;2.31;2.79083;2015;1.51;0.0423;323.5;6566.0
HAT-P-57 b;1.85;2.465295;2015;1.413;0.0406;303.0;7500.0
HAT-P-58 b;0.372;4.013837;2020;1.332;0.04994;519.0;5931.0
HAT-P-59 b;1.54;4.1419771;2020;1.123;0.05064;267.3;5678.0
HAT-P-6 b;1.057;3.853003;2007;1.33;0.05235;200.0;6570.0
HAT-P-60 b;0.574;4.7947813;2020;1.631;0.06277;235.4;6212.0
HAT-P-61 b;1.057;1.90231289;2020;0.899;0.0301;343.2;5587.0
HAT-P-62 b;0.761;2.6453235;2020;1.073;0.03772;353.1;5629.0
HAT-P-63 b;0.614;3.377728;2020;1.119;0.04294;408.0;5400.0
HAT-P-64 b;0.58;4.007232;2020;1.703;0.05387;635.0;6457.0
HAT-P-65 b;0.527;2.6054552;2016;1.89;0.03951;841.0;5835.0
HAT-P-66 b;0.783;2.972086;2016;1.59;0.04363;927.0;6002.0
HAT-P-67 b;0.34;4.81010205;2017;2.085;0.06505;320.0;6406.0
HAT-P-68 b;0.724;2.29840551;2020;1.072;0.02996;202.0;4508.0
HAT-P-69 b;3.58;4.7869491;2019;1.676;0.06555;343.9;7724.0
HAT-P-7 b;1.741;2.204735471;2008;1.431;0.0379;320.0;6259.0
HAT-P-70 b;6.78;2.74432452;2019;1.87;0.04739;329.0;8450.0
HAT-P-8 b;1.34;3.0763402;2008;1.5;0.0449;230.0;6200.0
HAT-P-9 b;0.67;3.922814;2008;1.4;0.053;480.0;6350.0
HATS-10 b;0.526;3.312846;2015;0.969;0.0449;496.0;5880.0
HATS-11 b;0.85;3.619188;2016;1.609;0.0507;967.34;6563.0
HATS-12 b;2.38;3.142702;2016;0.692;0.0441;512.41;6357.0
HATS-13 b;0.543;3.0440499;2015;1.212;0.04057;476.0;5523.0
HATS-14 b;1.071;2.7667641;2015;1.039;0.03815;513.0;5346.0
HATS-15 b;2.17;1.74748753;2014;1.105;0.02712;689.0;5311.0
HATS-16 b;3.27;2.686502;2015;1.3;0.03744;774.0;5738.0
HATS-17 b;1.338;16.254611;2016;0.777;0.1308;339.0;5846.0
HATS-18 b;1.98;0.8378434;2016;1.337;0.01761;645.0;5600.0
HATS-19 b;0.427;4.569673;2016;1.66;0.0589;780.0;5896.0
HATS-2 b;1.345;1.354133;2013;1.168;0.023;360.0;5227.0
HATS-20 b;0.273;3.7992969;2016;0.776;0.04619;454.0;5406.0
HATS-21 b;0.332;3.5543973;2016;1.123;0.04676;286.0;5695.0
HATS-22 b;2.74;4.7228124;2016;0.953;0.05025;207.9;4803.0
HATS-23 b;1.47;2.1605156;2015;1.86;0.03397;747.0;5780.0
HATS-24 b;2.44;1.3484954;2016;1.487;0.02547;510.0;6346.0
HATS-25 b;0.613;4.2986432;2016;1.26;0.05163;466.0;5715.0
HATS-26 b;0.65;3.3023881;2016;1.75;0.04735;907.0;6071.0
HATS-27 b;0.53;4.637038;2016;1.5;0.0611;840.0;6438.0
HATS-28 b;0.672;3.1810781;2016;1.194;0.04131;521.0;5498.0
HATS-29 b;0.653;4.6058749;2016;1.251;0.05475;351.0;5670.0
HATS-3 b;1.071;3.547851;2013;1.381;0.0485;453.0;6351.0
HATS-30 b;0.706;3.1743516;2016;1.175;0.04354;339.0;5943.0
HATS-31 b;0.88;3.37796;2016;1.64;0.0478;872.0;6050.0
HATS-32 b;0.92;2.8126548;2016;1.249;0.04024;839.0;5700.0
HATS-33 b;1.192;2.5495551;2016;1.23;0.03727;355.0;5659.0
HATS-34 b;0.941;2.1061607;2016;1.43;0.03166;532.0;5380.0
HATS-35 b;1.222;1.8209933;2016;1.464;0.03199;557.0;6300.0
HATS-36 b;2.79;4.175186;2018;1.153;0.0523;878.65;5950.0
HATS-37A b;0.099;4.3315366;2020;0.606;0.04913;211.1;5326.0
HATS-38 b;0.074;4.375021;2020;0.614;0.05036;347.7;5732.0
HATS-39 b;0.63;4.5776348;2018;1.57;0.06;773.0;6572.0
HATS-4 b;1.323;2.516729;2014;1.02;0.0362;420.0;5403.0
HATS-40 b;1.59;3.2642736;2018;1.58;0.04997;1431.0;6460.0
HATS-41 b;9.7;4.193649;2018;1.33;0.0583;800.0;6424.0
HATS-42 b;1.88;2.292102;2018;1.4;0.03689;942.0;6060.0
HATS-43 b;0.261;4.3888497;2017;1.18;0.04944;341.0;5099.0
HATS-44 b;0.56;2.7439004;2017;1.067;0.03649;463.0;5080.0
HATS-45 b;0.7;4.1876244;2017;1.286;0.05511;818.0;6450.0
HATS-46 b;0.173;4.7423729;2017;0.903;0.05367;448.0;5495.0
HATS-47 b;0.369;3.9228038;2020;1.117;0.04269;301.7;4512.0
HATS-48A b;0.243;3.1316666;2020;0.8;0.03769;265.4;4546.0
HATS-49 b;0.353;4.1480467;2020;0.765;0.04515;324.6;4405.0
HATS-5 b;0.237;4.763387;2014;0.912;0.0542;257.0;5304.0
HATS-50 b;0.39;3.8297015;2017;1.13;0.05046;717.0;5990.0
HATS-51 b;0.768;3.3488702;2017;1.41;0.04639;478.0;5758.0
HATS-52 b;2.24;1.3665436;2017;1.382;0.02498;631.0;6010.0
HATS-53 b;0.595;3.8537768;2017;1.34;0.04753;613.0;5644.0
HATS-54 b;0.76;2.5441828;2018;1.067;0.03763;769.0;5702.0
HATS-56 b;0.602;4.324799;2018;1.688;0.06043;577.1;6536.0
HATS-57 b;3.147;2.350621;2018;1.13;0.03493;280.0;5587.0
HATS-58A b;1.03;4.2180896;2018;1.095;0.05798;492.0;7175.0
HATS-59 b;0.806;5.416081;2018;1.126;0.06112;654.0;5670.0
HATS-6 b;0.319;3.3252725;2014;0.998;0.03623;148.4;3724.0
HATS-60 b;0.662;3.560829;2018;1.153;0.04708;494.7;5690.0
HATS-61 b;3.4;7.817953;2018;1.195;0.07908;694.2;5541.0
HATS-62 b;0.179;3.2768837;2018;1.055;0.04163;515.9;5435.0
HATS-63 b;0.96;3.0566527;2018;1.207;0.04026;634.4;5626.0
HATS-64 b;0.96;4.908897;2018;1.679;0.06562;1087.0;6560.0
HATS-65 b;0.821;3.105161;2018;1.501;0.04497;491.0;6276.0
HATS-66 b;5.33;3.1414391;2018;1.411;0.04714;1542.0;6606.0
HATS-67 b;1.45;1.6091788;2018;1.685;0.03032;983.0;6605.0
HATS-68 b;1.29;3.5862202;2018;1.2321;0.05071;619.0;6122.0
HATS-69 b;0.577;2.2252577;2018;0.945;0.03211;420.3;5137.0
HATS-7 b;0.12;3.185315;2015;0.563;0.04012;257.0;4985.0
HATS-70 b;12.9;1.8882378;2018;1.384;0.03632;1307.0;7930.0
HATS-71A b;0.45;3.7955213;2018;1.08;0.03946;140.68;3254.0
HATS-72 b;0.1254;7.3279474;2020;0.7224;0.066517;127.66;4656.1
HATS-8 b;0.138;3.583893;2015;0.873;0.04667;829.0;5679.0
HATS-9 b;0.839;1.915291;2015;1.236;0.0312;654.36;5599.0
HD 102195 b;0.46;4.113775;2005;;0.049;28.98;5291.0
HD 106252 b;32.86;1600.0;2002;;2.7;37.44;5754.0
HD 106315 b;0.03964;9.55237;2017;0.218;0.0907;109.0;6327.0
HD 106315 c;0.04782;21.05704;2017;0.388;0.1536;109.0;6327.0
HD 10697 b;6.837;1075.69;2000;1.152;2.14;32.56;5600.0
HD 110113 b;4.55;2.541;2021;0.1829;0.035;106.3;5732.0
HD 114783 b;6.3;493.7;2001;;1.16;20.4;5105.0
HD 118203 b;2.173;6.13498;2005;1.133;0.07082;88.6;5600.0
HD 130322 b;1.05;10.72;1999;;0.088;30.0;5330.0
HD 131664 b;135.3;19600.0;2008;;3.17;55.43;5886.0
HD 136118 b;42.0;1209.0;2002;;1.45;52.3;6095.0
HD 136352 b;0.01454;11.57779;2011;0.13222;0.0969;14.8;
HD 136352 c;0.03552;27.5909;2011;0.183854;0.1729;14.8;
HD 136352 d;0.02775;107.63;2011;0.2284;0.4285;14.8;
HD 13724 b;50.5;44926.0;2019;;26.3;43.47;5868.0
HD 1397 b;0.415;11.53533;2018;1.026;0.1097;79.31;5528.0
HD 142022 A b;29.4;1928.0;2005;;3.03;35.87;5382.0
HD 149026 b;0.357;2.8758916;2005;0.718;0.04288;78.9;6147.0
HD 152843 b;0.03637;11.6264;2021;0.3042;0.1053;107.898;6310.0
HD 152843 c;0.0865;27.13;2021;0.5201;;107.898;6310.0
HD 154345 b;1.3;3538.0;2006;;4.3;18.06;5468.0
HD 168443 c;29.463;1749.83;2001;;2.8373;37.38;5591.0
HD 17156 b;3.195;21.2163979;2007;1.095;0.1623;78.24;6079.0
HD 176051 b;1.5;1016.0;2010;;1.76;14.99;
HD 181720 b;12.12;956.0;2009;;1.78;56.0;5781.0
HD 183579 b;0.0302;17.471278;2021;0.3149;0.1334;57.06;5788.0
HD 189733 b;1.142;2.21857312;2005;1.138;0.03142;19.3;4875.0
HD 190228 b;65.7;1146.0;2002;;2.0;66.11;5176.0
HD 191939 b;0.0327;8.88029;2020;0.3024;0.078;53.608;5427.0
HD 191939 c;0.0227;28.5805;2020;0.2748;0.17;53.608;5427.0
HD 191939 d;0.0182;38.3525;2020;0.2712;0.207;53.608;5427.0
HD 195689 b;2.88;1.4811235;2017;1.84;0.03368;;10170.0
HD 202206 (AB) c;17.9;1260.0;2004;;2.41;45.54;5750.0
HD 202772 A b;1.008;3.30896;2018;1.562;0.0519;147.2;6230.0
HD 206893 b;17.5;9807.0;2016;1.65;9.85;38.34;6486.0
HD 207897 b;0.05;16.202157;2021;0.22348;0.1164;28.25;5071.0
HD 208487 c;0.46;908.0;2006;;1.8;45.0;5929.0
HD 209458 b;0.69;3.52472;1999;1.38;0.04747;47.0;6092.0
HD 213885 b;0.02778;1.008035;2019;0.15568;0.02012;57.97;5978.0
HD 219134 b;0.01343;3.093292;2015;0.134;0.037;6.55;4699.0
HD 219134 c;0.01246;6.765159;2015;0.12624;0.062;6.55;4699.0
HD 219134 d;0.05236;46.71;2015;;0.225;6.55;4699.0
HD 219134 f;0.0208;22.805;2015;;0.139;6.55;4699.0
HD 219666 b;0.0522;6.03607;2018;0.4202;0.06356;94.4;5527.0
HD 221416 b;0.1904;14.2767;2019;0.836;0.1228;95.075;5080.0
HD 23472 b;0.05638;17.667;2018;0.16701;0.121;39.1;
HD 23472 c;0.05405;29.625;2018;0.19172;0.17;39.1;
HD 2685 b;1.18;4.12692;2018;1.44;0.0568;197.98;6801.0
HD 3167 b;0.0158;0.959624;2016;0.152;0.0186;47.36;5528.0
HD 3167 c;0.0308;29.83832;2016;0.255;0.1841;47.36;5528.0
HD 332231 b;0.244;18.71204;2020;0.867;0.1436;8.56;6089.0
HD 33632 A b;50.0;39082.0;2020;;23.6;26.56;
HD 3651 b;0.23;62.25;2003;;0.295;11.0;5173.0
HD 38529 b;0.93;14.3104;2000;;0.131;39.28;5697.0
HD 38529 c;23.7;2134.76;2002;;3.695;39.28;5697.0
HD 4747 b;66.6;12090.0;2016;;16.4;18.69;5340.0
HD 5278 b;0.0245;14.33902;2021;0.2186;0.12;56.12;6203.0
HD 5388 b;69.0;777.0;2009;;1.76;53.0;6297.0
HD 60532 b;9.21;201.83;2008;;0.77;25.7;6095.0
HD 60532 c;21.81;607.06;2008;;1.58;25.7;6095.0
HD 63935 b;0.034;9.058811;2021;0.2668;;48.8;5534.0
HD 63935 c;0.0349;21.4023;2021;0.259;;48.8;5534.0
HD 68988 c;15.0;12700.0;2006;;13.2;58.0;5767.0
HD 69830 b;0.1427;8.6682;2006;;0.0785;12.6;5385.0
HD 69830 c;0.1649;31.601;2006;;0.186;12.6;5385.0
HD 69830 d;0.2529;200.57;2006;;0.63;12.6;5385.0
HD 73583 b;0.031;6.3980416;2021;0.2525;0.0601;31.6;4511.0
HD 73583 c;0.0302;18.8797;2021;0.2114;0.1236;31.6;4511.0
HD 80606 b;3.94;111.43637;2001;0.921;0.449;58.4;5645.0
HD 80653 b;0.01762;0.719573;2020;0.144;0.0166;109.86;5950.0
HD 85628 A b;3.1;2.82406;2019;1.53;0.047;171.54;7800.0
HD 87883 b;81.9;2754.0;2009;;3.6;18.1;4980.0
HD 89345 b;0.1123;11.81399;2018;0.612;0.105;126.6;5609.0
HD 89744 b;10.32;256.78;2000;;0.917;40.0;6196.0
HD 92788 b;27.02;325.8;2000;;0.97;32.82;5744.0
HD 95338 b;0.12406;55.086;2020;0.3551;0.231;36.9;5212.0
HD 97658 b;0.02457;9.489295;2010;0.20047;0.08;21.1;5170.0
HIP 116454 b;0.0372;9.1265;2014;0.226;0.098;55.2;5089.0
HIP 65A b;3.213;0.9809734;2020;2.03;0.01782;61.89;4590.0
HIP 67522 b;5.0;6.959503;2020;0.8984;;127.27;56.75
HIP 75056 b;25.0;47500.0;2020;2.0;30.0;;
HIP 75458 b;16.4;510.855;2002;;1.448;31.5;4445.0
HIP 75458 c;17.0;24840.0;2021;;19.4;31.5;4445.0
HIP 97166 b;0.063;10.28891;2021;0.2444;0.089;66.08;5198.0
HR 8799 e;9.6;18000.0;2010;1.17;16.4;39.4;
HW Vir (AB) b;39.0;9750.0;2008;1.0;4.69;181.0;
HW Vir (AB) c;40.0;17000.0;2008;2.0;12.8;181.0;
K0I-1783 c;0.0472;284.060953;2017;0.4853;0.8539;887.81;5922.0
K2-10 b;0.08495;19.3044;2015;0.343;;274.48;5620.0
K2-105 b;0.094;8.267704;2017;0.301;0.0796;199.28;5464.0
K2-107 b;0.84;3.313959;2017;1.426;0.0475;696.95;6061.0
K2-108 b;0.187;4.733999;2017;0.476;0.0581;484.99;5599.0
K2-110 b;0.0525;13.86387;2017;0.228;0.1027;116.84;4950.0
K2-111 b;0.01664;5.3518;2017;0.162;0.057;201.7;5775.0
K2-113 b;1.28;5.817685;2017;1.083;0.0642;649.75;5660.0
K2-114 b;1.85;11.391013;2017;0.952;0.0954;484.8;5044.0
K2-124 b;0.033;6.413651;2017;0.259;0.049;140.4;3570.0
K2-132 b;0.49;9.1751;2017;1.3;0.0916;620.41;4840.0
K2-133 b;0.0069;3.07133;2017;0.12;0.03194;75.2;3655.0
K2-133 c;0.01;4.86784;2017;0.143;0.04341;75.2;3655.0
K2-133 d;0.026;11.02454;2017;0.179;0.07487;75.2;3655.0
K2-137 b;0.5;0.179715;2017;0.079;0.0058;99.15;3492.0
K2-138 b;0.0098;2.35322;2017;0.14;0.0338;183.0;5378.0
K2-138 c;0.0198;3.55987;2017;0.225;0.04454;183.0;5378.0
K2-138 d;0.0249;5.40478;2017;0.237;0.05883;183.0;5378.0
K2-138 e;0.0409;8.26144;2017;0.294;0.07807;183.0;5378.0
K2-138 f;0.005;12.75759;2017;0.251;0.1043;183.0;5378.0
K2-138 g;0.0135;41.96797;2018;0.2688;0.231;183.0;5378.0
K2-139 b;0.381;28.380619;2017;0.813;0.1796;154.6;5370.0
K2-140 b;0.93;6.56918;2017;1.093;0.0687;341.6;5705.0
K2-141 b;0.01598;0.2803244;2018;0.135;;61.0;4599.0
K2-141 c;0.02328;7.7485;2018;0.624;;61.0;4599.0
K2-146 b;0.01816;2.6446;2018;0.183;0.027;79.31;3385.0
K2-146 c;0.02358;4.00498;2019;0.195;0.034;79.31;3385.0
K2-155 b;0.0148;6.342;2018;0.161;0.0562;82.0;4258.0
K2-155 c;0.0205;13.85;2018;0.232;0.0946;82.0;4258.0
K2-155 d;0.0154;40.718;2018;0.17;0.1937;82.0;4258.0
K2-174 b;0.0289;19.562307;2018;0.232;0.126;100.1;4455.0
K2-18 b;0.02807;32.939623;2015;0.211;0.1429;38.07;3457.0
K2-180 b;0.036;8.867209;2018;0.206;0.0753;204.51;5358.0
K2-182 b;0.063;4.7369683;2018;0.24;0.0526;155.9;5165.0
K2-19 b;0.1019;7.9194;2015;0.691;0.074;292.14;5430.0
K2-19 c;0.034;11.90715;2015;0.434;0.0971;292.14;5430.0
K2-19 d;0.031;2.50856;2016;0.102;0.0344;292.14;5430.0
K2-199 b;0.0217;3.2253993;2018;0.1543;0.0382;107.97;4648.0
K2-199 c;0.039;7.3744897;2018;0.2543;0.0662;107.97;4648.0
K2-216 b;0.02517;2.1748;2018;0.156;0.028;115.84;4503.0
K2-22 b;1.4;0.381078;2015;0.223;0.0088;245.53;3830.0
K2-222 b;0.025;15.3885;2018;0.2097;0.1211;101.59;6058.0
K2-229 b;0.00815;0.58426;2018;0.102;0.0131;103.8;5315.0
K2-229 c;0.067;8.32727;2018;0.181;0.0769;103.8;5315.0
K2-229 d;0.079;31.0;2018;0.2364;0.182;103.8;5315.0
K2-231 b;0.0227;13.841901;2018;0.223;;295.0;5695.0
K2-232 b;0.398;11.168454;2018;1.0;0.10356;131.21;6154.0
K2-233 b;0.0104;2.46746;2018;0.125;0.03317;67.64;4950.0
K2-233 d;0.0261;24.3662;2018;0.236;0.1527;67.64;4950.0
K2-237 b;1.236;2.1805577;2018;1.642;0.0353;309.5;6099.0
K2-238 b;0.86;3.20466;2018;1.3;0.046;453.0;5630.0
K2-239 b;0.0044;5.24;2018;0.098;0.0441;49.0;3420.0
K2-239 c;0.0028;7.775;2018;0.089;0.0576;49.0;3420.0
K2-239 d;0.0041;10.115;2018;0.098;0.0685;49.0;3420.0
K2-24 b;0.05978;20.88977;2016;0.482;0.154;171.39;5625.0
K2-24 c;0.04845;42.3391;2016;0.669;0.247;171.39;5625.0
K2-240 b;0.0157;6.034;2018;0.178;0.0513;70.0;3810.0
K2-240 c;0.0145;20.523;2018;0.161;0.1159;70.0;3810.0
K2-25 b;0.0771;3.484552;2015;0.306;;45.01;3180.0
K2-260 b;1.42;2.6266657;2018;1.552;0.0404;676.32;6367.0
K2-261 b;0.223;11.63344;2018;0.85;0.102;214.58;5537.0
K2-263 b;0.0466;50.818947;2018;0.215;0.2573;163.23;5368.0
K2-265 b;0.02058;2.369172;2018;0.153;0.03376;139.22;5477.0
K2-266 b;0.0355;0.658524;2018;0.294;0.01306;77.16;4285.0
K2-266 c;0.00091;7.814;2018;0.063;0.0679;77.16;4285.0
K2-266 d;0.028;14.697;2018;0.261;0.1035;77.16;4285.0
K2-266 e;0.04499;19.482;2018;0.244;0.1249;77.16;4285.0
K2-27 b;0.09722;6.771315;2016;0.4;0.06702;251.43;5248.0
K2-280 b;0.1167;19.895202;2018;0.684;0.1488;396.9;5742.0
K2-285 b;0.03046;3.471745;2018;0.231;0.03817;155.65;4975.0
K2-285 c;0.04933;7.138048;2018;0.315;0.0824;155.65;4975.0
K2-285 d;0.02045;10.45582;2018;0.221;0.1178;155.65;4975.0
K2-285 e;0.03367;14.76289;2018;0.174;0.18041;155.65;4975.0
K2-286 b;0.0214;27.359;2018;0.187;0.1768;76.32;3926.0
K2-287 b;0.315;14.893291;2018;0.847;0.1206;159.05;5695.0
K2-289 b;0.1529;13.156969;2019;0.812;0.107;270.7;5529.0
K2-29 b;0.73;3.2588321;2016;1.19;0.04217;179.39;5358.0
K2-290 b;0.0343;9.21165;2019;0.273;0.0923;274.99;6302.0
K2-290 c;0.774;48.36685;2019;1.006;0.305;274.99;6302.0
K2-291 b;0.02042;2.225177;2019;0.142;0.03261;90.29;5520.0
K2-292 b;0.07709;16.9841;2019;0.235;0.13;114.29;5725.0
K2-295 b;0.335;4.024867;2018;0.897;0.0451;225.7;4444.0
K2-3 b;0.02039;10.054626;2015;0.194;0.0775;45.0;3896.0
K2-3 c;0.00673;24.646582;2015;0.165;0.1405;45.0;3896.0
K2-3 d;0.00881;44.55646;2015;0.135;0.2086;45.0;3896.0
K2-30 b;0.579;4.098503;2016;1.039;0.04839;336.26;5425.0
K2-308 b;0.025;3.38628;2019;0.884;;;6100.0
K2-31 b;1.774;1.25785;2016;1.06;0.022;;5280.0
K2-32 b;0.047;8.991828;2016;0.443;0.08035;158.39;5315.0
K2-32 c;0.0255;20.66186;2016;0.244;0.1399;158.39;5315.0
K2-32 d;0.0211;31.7142;2016;0.292;0.1862;158.39;5315.0
K2-32 e;0.0066;4.34882;2019;0.09;0.04951;158.39;5315.0
K2-33 b;3.7;5.424865;2016;0.45;0.0409;139.8;3540.0
K2-34 b;1.78;2.995633;2016;1.245;0.0426;352.34;6071.0
K2-36 b;0.01227;1.422614;2016;0.128;0.0223;110.09;4916.0
K2-36 c;0.02454;5.3410507;2016;0.2783;0.054;110.09;4916.0
K2-38 b;0.06;4.01593;2016;0.17;0.04994;193.71;5757.0
K2-38 c;0.03115;10.56103;2016;0.216;0.0964;193.71;5757.0
K2-39 b;0.09;4.60543;2016;0.56;0.062;310.14;4881.0
K2-52 b;0.4046;3.535055;2016;1.606;0.054;1041.7;7147.0
K2-53 b;0.0289;12.20772;2016;0.232;0.098;139.1;5263.0
K2-55 b;0.138;2.849258;2016;0.341;0.03486;160.26;4456.0
K2-60 b;0.426;3.00265;2016;0.683;0.045;498.7;5500.0
K2-66 b;0.06702;5.06963;2016;0.222;0.05983;520.43;5887.0
K2-77 b;1.9;8.199796;2016;0.205;;142.31;4970.0
K2-79 b;0.0371;10.99475;2016;0.3649;0.0987;257.9;5926.0
K2-87 b;0.1192;9.726618;2016;0.678;0.094;503.6;5747.0
K2-90 b;0.028;13.733314;2016;0.232;0.096;134.9;4484.0
K2-95 b;1.67;10.134016;2016;0.346;0.0696;180.63;3548.0
K2-97 b;1.1;8.406726;2016;0.947;0.086;869.76;4717.0
K2-98 b;0.101;10.136448;2016;0.464;0.0974;526.31;6172.0
K2-99 b;0.97;18.251985;2016;1.046;0.1597;522.29;6217.0
KELT-1 b;27.23;1.217514;2012;1.15;0.02472;263.0;6516.0
KELT-10 b;0.679;4.166285;2015;1.399;0.0525;183.0;5948.0
KELT-11 b;0.195;4.736529;2016;1.3;0.06229;98.0;5370.0
KELT-12 b;0.95;5.0316144;2016;1.79;0.0617;360.0;6330.0
KELT-15 b;0.92;3.329441;2015;1.443;0.04613;201.0;6003.0
KELT-16 b;2.75;0.9689951;2016;1.415;0.02044;365.0;6236.0
KELT-17 b;1.31;3.0801716;2015;1.525;0.04881;210.0;7454.0
KELT-18 b;1.18;2.8717518;2017;1.57;0.0455;311.0;6670.0
KELT-19 A b;4.07;4.6117093;2017;1.91;;255.0;7500.0
KELT-2 A b;1.486;4.1137914;2012;1.306;0.05498;128.9;6148.0
KELT-21 b;3.91;3.6127647;2017;1.586;0.05224;415.0;7598.0
KELT-22A b;3.69;1.38665318;2018;1.2;0.0248;;5700.0
KELT-23A b;0.938;2.255251;2019;1.323;0.03302;125.42;5899.0
KELT-25 b;21.0;4.401131;2020;1.642;0.0681;442.7;8280.0
KELT-3 b;1.418;2.7033902;2012;1.333;0.04117;178.0;6304.0
KELT-4 A b;0.884;2.9895933;2013;1.706;0.04321;211.0;6207.0
KELT-6 b;0.442;7.845582;2013;1.18;0.08;;6272.0
KELT-7 b;1.24;2.734784;2015;1.293;0.0446;129.0;6789.0
KELT-8 b;0.874;3.24406;2015;1.86;0.04571;236.0;5754.0
KIC 5095269 (AB) b;7.698;237.70817;2017;;;;
KIC 7917485 b;11.8;840.0;2016;;2.03;;7067.0
KOI-12 b;1.1;17.855182;2015;1.23;0.154;403.99;6820.0
KOI-1257 b;1.45;86.647661;2014;0.94;0.382;900.0;5520.0
KOI-13 b;9.28;1.763588;2011;1.512;0.03641;415.0;7650.0
KOI-142 b;0.03;10.91647;2013;0.307;;339.0;5466.0
KOI-142 c;0.674;22.26492;2013;;0.1529;339.0;5466.0
KOI-1599.01;0.01447;20.4415;2019;0.17;0.14728;1168.99;5370.0
KOI-1599.02;0.02832;13.6088;2019;0.17;0.112293;1168.99;5370.0
KOI-2700 b;0.00271;0.910022;2013;0.0946;;;4433.0
KOI-3680 b;1.93;141.241671;2018;0.99;0.534;946.59;5830.0
KOI-415 b;62.14;166.78805;2013;0.79;0.593;962.56;5810.0
KOI-55 b;0.0014;0.240104;2011;0.068;0.006;1180.0;27730.0
KOI-55 c;0.0021;0.342887;2011;0.077;0.0076;1180.0;27730.0
KOI-984 b;0.0544;4.2881785;2017;0.384;0.0504;229.63;5295.0
KPS-1 b;1.09;1.706291;2018;1.03;0.0269;;5165.0
Kepler-10 b;0.0145;0.837491;2011;0.132;0.0172;186.5;5708.0
Kepler-10 c;0.02319;45.2946;2011;0.2097;0.241;186.5;5708.0
Kepler-101 b;0.16;3.4876812;2014;0.51;0.0474;953.44;5667.0
Kepler-101 c;0.01;6.02976;2014;0.112;0.0684;953.44;5667.0
Kepler-105 b;0.016;5.4122;2013;0.429;0.066;465.33;5827.0
Kepler-105 c;0.01447;7.1262;2014;0.117;0.072;465.33;5827.0
Kepler-107 b;0.01104;3.1800218;2014;0.137;0.04544;525.5;5854.0
Kepler-107 c;0.02954;4.901452;2014;0.142;0.06064;525.5;5854.0
Kepler-107 d;0.01196;7.95839;2014;0.077;0.08377;525.5;5854.0
Kepler-107 e;0.02706;14.749143;2014;0.259;0.12639;525.5;5854.0
Kepler-11 b;0.006;10.3039;2010;0.161;0.091;658.59;5663.0
Kepler-11 c;0.009;13.0241;2010;0.256;0.107;658.59;5663.0
Kepler-11 d;0.023;22.6845;2010;0.278;0.155;658.59;5663.0
Kepler-11 e;0.025;31.9996;2010;0.374;0.195;658.59;5663.0
Kepler-11 f;0.006;46.6888;2010;0.222;0.25;658.59;5663.0
Kepler-11 g;0.079;118.3807;2010;0.297;0.466;658.59;5663.0
Kepler-114 b;0.022;5.188549;2014;0.112;0.053;261.49;4605.0
Kepler-117 b;0.094;18.7959228;2014;0.719;0.1445;1430.0;6150.0
Kepler-117 c;1.84;50.790391;2014;1.101;0.2804;1430.0;6150.0
Kepler-12 b;0.432;4.4379629;2011;1.754;0.0553;904.4;5947.0
Kepler-138 b;0.00021;10.3126;2014;0.047;0.0746;66.99;3841.0
Kepler-138 c;0.0062;13.7813;2014;0.107;;66.99;3841.0
Kepler-138 d;0.00201;23.0881;2014;0.108;;66.99;3841.0
Kepler-14 b;8.4;6.790123;2011;1.136;;980.0;6395.0
Kepler-15 b;0.66;4.942782;2011;0.96;0.05714;755.38;5515.0
Kepler-150 f;0.0283;637.2093;2017;0.325;1.24;914.4;5560.0
Kepler-1514 b;5.28;217.83184;2016;1.108;0.753;389.3;6145.0
Kepler-1520 b;6.3e-05;0.65355357;2016;0.515;0.013;636.0;4677.0
Kepler-16 (AB) b;0.333;228.776;2011;0.7538;0.7048;;4450.0
Kepler-160 d;0.31463;30.0;2020;;0.17;962.92;5471.0
Kepler-1625 b;11.6;287.378949;2016;0.541;;1213.0;5677.0
Kepler-1647 (AB) b;1.52;1107.5923;2015;1.06;2.7205;;6210.0
Kepler-1654 b;0.5;1047.8356;2018;0.819;2.026;577.6;5597.0
Kepler-1655 b;0.01573;11.8728787;2018;0.197;0.103;214.58;6148.0
Kepler-1658 b;5.88;3.84937278;2019;1.07;0.0544;806.07;6216.0
Kepler-1661 (AB) b;0.053;175.06;2019;;;415.5;
Kepler-167 d;0.006;21.803855;2016;0.107;0.1405;330.0;4890.0
Kepler-167 e;4.0;1071.23228;2016;0.906;1.89;330.0;4890.0
Kepler-17 b;2.45;1.4857108;2011;1.31;0.02591;800.0;5781.0
Kepler-1705 b;0.01406;9.03502;2017;0.1811;0.08;;5775.0
Kepler-1705 c;0.01705;11.28;2017;0.1829;0.0416;;5775.0
Kepler-177 b;0.01837;35.8601;2013;0.312;;1497.42;5732.0
Kepler-177 c;0.04625;49.40926;2013;0.779;;1497.42;5732.0
Kepler-18 b;0.022;3.504725;2011;0.178;0.0447;438.51;5345.0
Kepler-18 c;0.054;7.64159;2011;0.49;0.0752;438.51;5345.0
Kepler-18 d;0.052;14.85888;2011;0.623;0.1172;438.51;5345.0
Kepler-19 b;0.02643;9.28716;2011;0.198;0.085;219.95;5544.0
Kepler-19 c;0.04122;28.731;2011;;;219.95;5544.0
Kepler-19 d;0.07079;62.95;2017;;;219.95;5544.0
Kepler-197 c;0.017;10.349695;2014;0.11;0.09;333.75;6004.0
Kepler-20 b;0.03052;3.69611525;2011;0.167;0.0463;284.88;5495.0
Kepler-20 c;0.04012;10.85409089;2011;0.272;0.0949;284.88;5495.0
Kepler-20 d;0.03168;77.61130017;2011;0.245;0.3506;284.88;5495.0
Kepler-20 e;0.0097;6.09852281;2011;0.077;0.0639;284.88;5495.0
Kepler-20 f;0.045;19.57758478;2011;0.089;0.1396;284.88;5495.0
Kepler-21 b;0.01598;2.78578;2012;0.146;0.042717;108.86;6305.0
Kepler-22 b;0.113;289.8623;2011;0.212;0.849;190.0;5518.0
Kepler-223 b;0.02328;7.38449;2014;0.267;0.073;1960.49;5829.0
Kepler-223 c;0.01605;9.84564;2014;0.307;0.088;1960.49;5829.0
Kepler-223 d;0.02517;14.78869;2014;0.467;0.116;1960.49;5829.0
Kepler-223 e;0.0151;19.72567;2014;0.41;0.14;1960.49;5829.0
Kepler-23 d;0.055;15.274299;2014;0.196;0.124;856.34;5828.0
Kepler-25 b;0.0275;6.238297;2011;0.245;0.068;244.96;6270.0
Kepler-25 c;0.0479;12.7207;2011;0.465;0.11;244.96;6270.0
Kepler-25 d;0.226;122.4;2014;;;244.96;6270.0
Kepler-26 b;0.01611;12.28;2011;0.248;0.085;338.55;3914.0
Kepler-26 c;0.01951;17.2559;2011;0.243;0.107;338.55;3914.0
Kepler-278 b;0.176;30.160546;2014;0.363;0.207;448.65;4991.0
Kepler-278 c;0.1098;51.078775;2014;0.32;0.294;448.65;4991.0
Kepler-289 b;0.023;34.545;2014;0.192;0.21;700.0;5990.0
Kepler-289 c;0.42;125.8518;2014;1.034;0.51;700.0;5990.0
Kepler-289 d;0.013;66.0634;2014;0.239;0.33;700.0;5990.0
Kepler-29 b;0.01573;10.33974;2011;0.227;0.09;851.9;5378.0
Kepler-29 c;0.01416;13.28613;2011;0.209;0.11;851.9;5378.0
Kepler-30 b;0.036;29.33434;2012;0.348;0.18;938.33;5498.0
Kepler-30 c;2.01;60.323105;2012;1.097;0.3;938.33;5498.0
Kepler-30 d;0.073;143.34394;2012;0.785;0.5;938.33;5498.0
Kepler-307 b;0.02341;10.4208;2013;0.217;;585.27;5367.0
Kepler-307 c;0.01145;13.0729;2013;0.196;;585.27;5367.0
Kepler-31 c;4.7;42.6318;2011;0.473;0.26;1747.58;6340.0
Kepler-31 d;6.8;87.6451;2014;0.348;0.4;1747.58;6340.0
Kepler-32 b;4.1;5.90124;2011;0.196;0.05;326.85;3900.0
Kepler-32 c;0.5;8.7522;2011;0.178;0.09;326.85;3900.0
Kepler-338 b;0.0963;13.726976;2014;0.218;0.117;561.69;5923.0
Kepler-34 (AB) b;0.22;288.822;2012;0.7637;1.0896;1499.0;5913.0
Kepler-35 (AB) b;0.1268;131.458;2012;0.728;0.60347;1645.0;5606.0
Kepler-36 b;0.01205;13.86825;2012;0.134;0.1153;470.0;5979.0
Kepler-36 c;0.02243;16.21865;2012;0.328;0.1283;470.0;5979.0
Kepler-37 b;0.01;13.36731;2013;0.026;0.1003;64.04;5417.0
Kepler-38 (AB) b;0.38;105.595;2012;0.39;0.4644;;5640.0
Kepler-39 b;20.1;21.08721;2011;1.24;0.164;1090.44;6350.0
Kepler-391 c;1.416;20.485435;2014;0.316;0.161;891.53;4940.0
Kepler-4 b;0.077;3.21346;2009;0.357;0.0456;550.0;5857.0
Kepler-40 b;2.2;6.87349;2010;1.17;0.08;2700.0;6510.0
Kepler-407 c;12.6;3000.0;2014;;;341.69;5476.0
Kepler-41 b;0.56;1.8555582;2011;1.29;0.03101;1128.11;5750.0
Kepler-411 b;0.08055;3.005156;2013;0.214;0.0375;153.59;4974.0
Kepler-411 c;0.08306;7.834435;2016;0.394;0.0739;153.59;4974.0
Kepler-411 d;0.04782;58.02035;2018;0.296;0.279;153.59;4974.0
Kepler-411 e;0.03398;31.509728;2018;;0.186;153.59;4974.0
Kepler-412 b;0.941;1.7208604;2014;1.341;0.02897;1121.32;5750.0
Kepler-418 b;1.1;86.67856;2014;1.2;;1031.92;5820.0
Kepler-419 b;2.5;69.7546;2014;0.96;0.37;1041.31;6430.0
Kepler-419 c;7.3;675.47;2014;;1.68;1041.31;6430.0
Kepler-42 b;0.009;1.2137672;2011;0.07;0.0116;38.7;3068.0
Kepler-42 c;0.006;0.45328509;2011;0.065;0.006;38.7;3068.0
Kepler-42 d;0.003;1.865169;2011;0.051;0.0154;38.7;3068.0
Kepler-422 b;0.43;7.8914483;2014;1.15;0.082;738.2;5972.0
Kepler-423 b;0.595;2.6843285;2014;1.192;0.03585;725.0;5560.0
Kepler-424 b;1.03;3.3118644;2014;0.89;0.044;712.87;5460.0
Kepler-425 b;0.25;3.79701816;2014;0.978;0.0464;650.0;5170.0
Kepler-426 b;0.34;3.21751883;2014;1.09;0.0414;880.0;5725.0
Kepler-427 b;0.29;10.290994;2014;1.23;0.091;1100.0;5800.0
Kepler-428 b;1.27;3.52563254;2014;1.08;0.0433;720.0;5150.0
Kepler-43 b;3.23;3.0240949;2011;1.219;0.046;1035.9;6041.0
Kepler-432 b;5.41;52.501129;2015;1.145;0.301;870.0;4995.0
Kepler-433 b;2.82;5.33408384;2015;1.45;0.0679;1870.0;6360.0
Kepler-434 b;2.86;12.8747099;2015;1.13;0.1143;1240.0;5977.0
Kepler-435 b;0.84;8.6001536;2015;1.99;0.0948;2070.0;6161.0
Kepler-44 b;1.0;3.2467293;2011;1.09;0.0446;1229.15;5800.0
Kepler-445 b;0.02;2.984151;2015;0.14;;90.0;3157.0
Kepler-445 c;0.027;4.871229;2015;0.22;;90.0;3157.0
Kepler-445 d;0.011;8.15275;2015;0.11;;90.0;3157.0
Kepler-446 b;0.014;1.565409;2015;0.13;;120.0;3359.0
Kepler-446 c;0.009;3.036179;2015;0.1;;120.0;3359.0
Kepler-446 d;0.01;5.148921;2015;0.12;;120.0;3359.0
Kepler-447 b;1.37;7.79430132;2015;1.65;0.0769;270.12;5493.0
Kepler-448 c;22.0;2500.0;2017;;4.2;403.99;6820.0
Kepler-45 b;0.505;2.455239;2011;0.96;0.03;333.0;3820.0
Kepler-453 (AB) b;0.03;240.503;2014;0.55;;;5527.0
Kepler-454 b;0.01905;10.57;2015;0.21;0.0954;232.41;5701.0
Kepler-46 b;6.0;33.60134;2012;0.808;0.1968;794.54;5309.0
Kepler-46 c;0.376;57.011;2012;;0.2799;794.54;5309.0
Kepler-462 b;0.16959;84.6866;2016;0.268;;598.0;7500.0
Kepler-462 c;0.01888;207.62;2020;0.357;;598.0;7500.0
Kepler-47 (AB) d;0.05984;187.35;2013;0.6281;0.6992;;5636.0
Kepler-48 e;2.067;982.0;2014;;;309.47;5194.0
Kepler-49 b;0.98;7.2037945;2012;0.243;;314.02;4252.0
Kepler-49 c;0.72;10.9129343;2012;0.227;;314.02;4252.0
Kepler-492 b;39.9;11.72012266;2016;0.856;0.0987;642.0;5527.0
Kepler-5 b;2.111;3.5484657;2009;1.426;0.0538;923.41;6297.0
Kepler-50 b;0.1;7.81254;2012;0.153;0.077;251.91;6225.0
Kepler-50 c;0.11;9.37647;2012;0.194;0.087;251.91;6225.0
Kepler-51 b;0.007;45.154;2012;0.633;0.2514;801.76;6018.0
Kepler-51 c;0.013;85.312;2012;0.803;0.384;801.76;6018.0
Kepler-51 d;0.024;130.194;2014;0.865;0.509;801.76;6018.0
Kepler-52 b;8.7;7.8773565;2012;0.187;;324.54;4263.0
Kepler-52 c;10.41;16.3850021;2012;0.164;;324.54;4263.0
Kepler-53 b;18.41;18.6489525;2012;0.258;;1420.1;5858.0
Kepler-53 c;15.74;38.5583038;2012;0.283;;1420.1;5858.0
Kepler-538 b;0.03335;81.73778;2016;0.198;0.4669;156.66;5547.0
Kepler-539 b;0.97;125.63243;2016;0.747;0.4988;310.01;5820.0
Kepler-539 c;2.4;1000.0;2016;;2.42;310.01;5820.0
Kepler-54 b;0.92;8.0109434;2012;0.187;;273.8;4252.0
Kepler-54 c;0.37;12.0717249;2012;0.11;;273.8;4252.0
Kepler-55 b;1.49;27.9481449;2012;0.217;;588.47;4503.0
Kepler-55 c;1.11;42.1516418;2012;0.197;;588.47;4503.0
Kepler-56 b;0.07;10.5016;2012;0.581;0.1028;936.96;4840.0
Kepler-56 c;0.57;21.40239;2012;0.874;0.1652;936.96;4840.0
Kepler-57 b;18.86;5.7293196;2012;0.195;;656.23;5145.0
Kepler-57 c;6.95;11.6092567;2012;0.138;;656.23;5145.0
Kepler-58 b;1.39;10.2184954;2012;0.248;;996.32;6099.0
Kepler-58 c;2.19;15.5741568;2012;0.255;;996.32;6099.0
Kepler-59 b;2.05;11.8681707;2012;0.098;0.112;1203.57;6074.0
Kepler-59 c;1.37;17.9801235;2012;0.177;0.148;1203.57;6074.0
Kepler-595 b;0.05475;25.3029092;2016;0.331;;639.0;5247.0
Kepler-595 c;0.01038;12.38602;2020;0.09;;639.0;5247.0
Kepler-6 b;0.668;3.2346996;2009;1.304;0.04852;597.14;5647.0
Kepler-60 b;0.01318;7.1334;2012;0.153;0.07497;1056.17;5905.0
Kepler-60 c;0.01211;8.9187;2012;0.17;0.08701;1056.17;5905.0
Kepler-60 d;0.01309;11.8981;2012;0.178;0.10548;1056.17;5905.0
Kepler-62 b;0.03;5.714932;2013;0.117;0.0553;368.0;4925.0
Kepler-62 c;0.013;12.4417;2013;0.048;0.0929;368.0;4925.0
Kepler-62 d;0.044;18.16406;2013;0.174;0.12;368.0;4925.0
Kepler-62 e;0.113;122.3874;2013;0.144;0.427;368.0;4925.0
Kepler-62 f;0.11;267.291;2013;0.126;0.718;368.0;4925.0
Kepler-63 b;0.378;9.4341505;2013;0.545;0.08;200.0;5576.0
Kepler-64 (AB) b;0.53;138.506;2013;0.553;0.634;;
Kepler-65 e;0.82;258.8;2019;;;306.39;6211.0
Kepler-66 b;0.047;17.815815;2013;0.25;0.1352;1107.0;5962.0
Kepler-67 b;0.047;15.7259;2013;0.262;0.1171;1107.0;5331.0
Kepler-7 b;0.441;4.8854892;2009;1.622;0.06067;947.46;5933.0
Kepler-74 b;0.63;7.340711;2013;0.96;0.0781;1218.33;6000.0
Kepler-75 b;10.1;8.8849116;2013;1.05;0.0818;855.5;5200.0
Kepler-76 b;2.01;1.5449298;2013;1.36;0.0274;842.87;6409.0
Kepler-77 b;0.43;3.57878087;2013;0.96;0.04501;570.0;5520.0
Kepler-78 b;0.00619;0.35500744;2013;0.1;0.01;124.82;5089.0
Kepler-79 b;0.0343;13.4845;2012;0.31;0.117;1051.43;6174.0
Kepler-79 c;0.019;27.4029;2012;0.332;0.187;1051.43;6174.0
Kepler-79 d;0.019;52.0902;2014;0.639;0.287;1051.43;6174.0
Kepler-79 e;0.013;81.0659;2014;0.311;0.386;1051.43;6174.0
Kepler-8 b;0.59;3.5224991;2010;1.416;0.0474;1052.9;6213.0
Kepler-80 b;0.0218;7.05246;2012;0.238;0.0648;357.0;4540.0
Kepler-80 c;0.02121;9.52355;2012;0.244;0.0792;357.0;4540.0
Kepler-80 d;0.02124;3.07222;2014;0.136;0.0372;357.0;4540.0
Kepler-80 e;0.01299;4.64489;2014;0.143;0.0491;357.0;4540.0
Kepler-82 b;0.03823;26.44;2012;0.363;0.1683;927.97;5428.0
Kepler-82 c;0.04373;51.54;2012;0.476;0.2626;927.97;5428.0
Kepler-82 f;0.06576;75.732;2019;;0.3395;927.97;5428.0
Kepler-86 b;0.34235;282.5254;2013;0.8466;0.824;;5629.0
Kepler-87 b;1.02;114.73635;2013;1.204;0.481;1277.88;5600.0
Kepler-87 c;0.02;191.2318;2013;0.548;0.676;1277.88;5600.0
Kepler-88 d;3.05;1403.0;2020;;2.464;339.0;5466.0
Kepler-89 b;0.033;3.743208;2013;0.153;0.05119;483.65;6182.0
Kepler-89 c;0.049;10.423648;2013;0.385;0.1013;483.65;6182.0
Kepler-89 d;0.334;22.342989;2013;1.005;0.1684;483.65;6182.0
Kepler-89 e;0.11;54.32031;2013;0.585;0.3046;483.65;6182.0
Kepler-9 b;0.13655;19.23891;2010;0.74;0.143;614.0;5774.0
Kepler-9 c;0.09408;38.9853;2010;0.721;0.227;614.0;5774.0
Kepler-9 d;0.016518264481;1.592851;2010;0.146;0.0273;614.0;5774.0
Kepler-91 b;0.81;6.24658;2013;1.367;0.0731;1344.56;4550.0
Kepler-93 b;0.0143;4.72674;2014;0.14;0.053;96.18;5669.0
Kepler-94 c;9.836;820.3;2014;;;192.97;4781.0
L 168-9 b;0.0145;1.4015;2020;0.124;0.02091;25.15;3800.0
L 98-59 b;0.0013;2.2531136;2018;0.0758;0.02191;10.623;3500.0
L 98-59 c;0.00698;3.6906777;2018;0.12356;0.0304;10.623;3500.0
L 98-59 d;0.0061;7.4507245;2018;0.1357;0.0486;10.623;3500.0
LHS 1140 b;0.02196;24.736;2017;0.15407;0.0936;12.47;3131.0
LHS 1140 c;0.00569;3.777931;2018;0.11437;0.02675;12.47;3131.0
LHS 1478 b;0.00733;1.9495378;2021;0.1106;0.01848;18.21;3381.0
LHS 1678 b;0.00019;0.8602322;2021;0.06209;0.01251;19.89;3490.0
LHS 1678 c;0.00123;3.694237;2021;0.08761;0.0331;19.89;3490.0
LHS 1815 b;0.0132;3.81433;2020;0.09707;0.0404;29.87;3643.0
LHS 2397a B;64.0;5194.0;2009;;3.09;14.3905;2580.0
LKCA 15 b;6.0;40000.0;2011;;15.7;145.0;
LP 714-47 b;0.0969;4.052037;2020;0.419;0.0417;52.7;3950.0
LTT 1445A b;0.00903;5.3587657;2019;0.11643;0.03813;6.9;3340.0
LTT 1445A c;0.00485;3.1239035;2020;0.10233;0.0396;6.9;3340.0
LTT 3780 b;0.00982;0.7683881;2020;0.11883;0.012;21.981;3360.0
LTT 3780 c;0.0267;12.252048;2020;0.205;0.077;21.981;3360.0
LTT 9779 b;0.09225;0.792052;2019;0.4211;0.01679;80.6;5445.0
Lupus-TR-3 b;0.81;3.91405;2007;0.89;0.0464;;5000.0
MASCARA-1 b;3.7;2.14878;2017;1.5;0.043;188.7;7554.0
MASCARA-2 b/KELT-20 b;3.518;3.4741085;2017;1.83;0.0542;;8981.0
MASCARA-3 b;5.18;5.5514926;2019;1.272;0.06971;96.79;6508.0
MOA-2009-BLG-266L b;0.0327;2780.0;2010;;3.2;3040.0;
MOA-2009-BLG-387L b;2.6;1970.0;2011;;1.8;5700.0;
NGTS-1 b;0.812;2.647298;2017;1.33;0.0326;224.0;3916.0
NGTS-10 b;2.162;0.7668944;;1.205;0.0143;;4400.0
NGTS-11 b;0.37;35.455285;2020;0.823;0.2;191.5;5050.0
NGTS-12 b;0.208;7.532806;2020;1.048;0.0757;452.0;5690.0
NGTS-13 b;4.84;4.119027;2021;1.142;0.0549;657.0;5918.0
NGTS-14A b;0.092;3.5357173;2021;0.44;0.0403;325.1;5187.0
NGTS-15 b;0.751;3.27623;2021;1.1;0.0441;791.0;5600.0
NGTS-16 b;0.667;4.84532;2021;1.3;0.0523;892.0;5550.0
NGTS-17 b;0.764;3.24253;2021;1.24;0.0391;1047.0;5650.0
NGTS-18 b;0.409;3.05125;2021;1.21;0.0448;1108.0;5610.0
NGTS-2 b;0.67;4.5111204;2018;1.536;0.0584;360.3;6478.0
NGTS-3A b;2.38;1.6753728;2018;1.48;0.023;1010.0;5570.0
NGTS-4 b;0.0648;1.3373508;2018;0.2837;0.019;282.6;5143.0
NGTS-5 b;0.229;3.3569866;2019;1.136;0.0382;309.5;4987.0
NGTS-6 b;1.33;0.882058;2019;1.271;0.016623018;311.0;4410.0
NGTS-7A b;62.0;0.67599;2019;1.07;0.0139;152.67;3359.0
NGTS-8 b;0.93;2.4997;2019;1.09;0.035;434.273;5241.0
NGTS-9 b;2.9;4.43527;2019;1.07;0.058;619.732;6330.0
NLTT 41135 b;33.7;2.889475;2010;1.13;0.024;22.7;3230.0
NLTT 5306 b;56.0;1.698;2013;;0.00263;77.9678;7756.0
NN Ser (AB) c;6.91;5660.0;2010;;5.38;500.0;
NN Ser (AB) d;2.28;2830.0;2009;;3.39;500.0;
OGLE-2005-071L b;3.5;3600.0;2005;;3.6;3300.0;
OGLE-2006-109L b;0.727;1790.0;2008;;2.3;1510.0;
OGLE-2006-109L c;0.271;4931.0;2008;;4.5;1510.0;
OGLE-2016-BLG-1190L b;13.38;1223.6;2017;;2.17;6770.0;
OGLE-2018-BLG-0740L b;4.5;3100.0;2019;;4.2;3200.0;
OGLE-TR-10 b;0.68;3.10129;2004;1.72;0.04162;1500.0;6075.0
OGLE-TR-111 b;0.54;4.01451;2004;1.077;0.047;1500.0;5070.0
OGLE-TR-113 b;1.24;1.4324772;2004;1.11;0.0229;1500.0;4752.0
OGLE-TR-132 b;1.17;1.689868;2004;1.23;0.0306;1500.0;6210.0
OGLE-TR-182 b;1.06;3.9791;2007;1.47;0.051;;5924.0
OGLE-TR-211 b;0.75;3.67724;2007;1.26;0.051;;6325.0
OGLE-TR-56 b;1.3;1.211909;2002;1.2;0.0225;1500.0;
OGLE2-TR-L9 b;4.34;2.4855335;2007;1.614;0.0404;900.0;6933.0
Oph 98 b;7.8;8035500.0;2020;1.86;200.0;137.0;2320.0
PDS 70 b;7.0;45108.0;2018;;22.7;113.43;3972.0
PDS 70 c;4.4;69945.0;2019;;30.2;113.43;3972.0
POTS-1 b;2.31;3.1606296;2013;0.941;0.03734;;4400.0
PPL 15 b;60.0;5.825;1999;;0.02;142.0;
PSR 1257 12 b;7,00E-05;25.262;1992;;0.19;710.0;
PSR 1257 12 c;0.013;66.5419;1992;;0.36;710.0;
PSR 1257 12 d;0.012;98.2114;1992;;0.46;710.0;
PSR B1620-26 (AB) b;2.5;36525.0;2003;;23.0;3800.0;
PSR J1446-4701 b;23.0;0.27766607732;2012;;0.0093;1500.0;
PSR J1502-6752 b;26.0;2.48445723;2012;;0.04;4200.0;
PSR J1807-2459 A b;9.4;0.07;2000;;;2790.0;
PSR J2051-0827 b;28.3;0.099110266;1996;;;1280.0;
PSR J2055+3829 b;39.0;0.12959037293;2019;;;4600.0;
PSR J2241-5236 b;12.0;0.1456722395;2011;;;500.0;
Proxima Centauri c;0.03;1928.0;2019;;1.48;1.295;3050.0
Qatar-1 b;1.294;1.42002504;2010;1.143;0.02332;187.0;5013.0
Qatar-10 b;0.736;1.645321;2019;1.534;0.0286;539.0;6124.0
Qatar-2 b;2.494;1.33711647;2011;1.254;0.02153;182.32;4645.0
Qatar-3 b;4.31;2.5079204;2016;1.096;0.03783;;6007.0
Qatar-4 b;5.85;1.8053949;2016;1.552;0.02861;;5215.0
Qatar-5 b;4.32;2.8792319;2016;1.107;0.04127;;5747.0
Qatar-6 A b;0.668;3.506189;2017;1.062;0.0423;101.0;5052.0
Qatar-7 b;1.88;2.032046;2018;1.7;0.0352;725.0;6387.0
Qatar-8 b;0.371;3.71495;2019;1.285;0.0474;276.7;5687.0
Qatar-9 b;1.19;1.540731;2019;1.009;0.0234;211.4;4309.0
RIK 72 b;56.1;97.84;2019;3.06;;;3349.0
SDSS 1604+1000 b;50.0;0.1433707;2020;;0.87;7890.0;
SDSS J080531+481233 B;66.28;740.43;2016;;0.82;21.3756;
SDSS J105213.51+442255.7 B;39.0;3144.0;2015;;1.84;26.1;
SSSJ0522-3505 b;42.0;0.06219343;2021;1.05;0.0028;824.0;
TIC 172900988 (AB) b;2.84;197.0;2021;0.9876;;246.263;6030.0
TIC 237913194 b;1.942;15.168865;2020;1.117;0.1207;309.6;5788.0
TOI-1062 b;0.032;4.11412;2021;0.20198;0.052;82.2;5328.0
TOI-1130 c;0.974;8.350381;2020;1.5;0.07098;58.26;4250.0
TOI-1201 b;0.01976;2.4919863;2021;0.21545;0.0287;37.636;3476.0
TOI-122 b;0.0277;5.07803;2020;0.2427;0.0392;62.23;3403.0
TOI-1231 b;0.0485;24.245586;2021;0.3256;0.1288;27.4932;3562.0
TOI-1235 b;0.0186;3.444717;2020;0.15113;0.03826;39.68;3997.0
TOI-125 b;0.0299;4.65382;2019;0.2432;0.05186;111.4;5320.0
TOI-125 c;0.02086;9.15059;2019;0.24614;0.0814;111.4;5320.0
TOI-125 d;0.0428;19.98;2019;0.2614;0.137;111.4;5320.0
TOI-1259A b;0.441;3.47798;2021;1.022;0.0407;118.11;4775.0
TOI-1260 b;0.02709;3.12748;2021;0.20832;0.0366;73.41;4227.0
TOI-1260 c;0.03725;7.49325;2021;0.2516;0.0656;73.41;4227.0
TOI-1266 b;0.05;10.894843;2020;0.2114;0.0736;36.05;3600.0
TOI-1266 c;0.0201;18.80151;2020;0.1392;0.1058;36.05;3600.0
TOI-1278 b;18.5;14.47567;2021;1.09;0.095;75.47;3799.0
TOI-1298 b;0.356;4.537164;2021;0.841;0.059;319.0;5889.0
TOI-132 b;0.07183;2.1097008;2019;0.306;0.026;164.47;5397.0
TOI-1333 b;2.37;4.720219;2021;1.396;0.0626;200.4;6274.0
TOI-1338 b;30.2;95.141;2020;0.5986;0.4491;399.0;5723.0
TOI-1406 b;46.0;10.57415;;0.86;;;6290.0
TOI-1431 b/MASCARA-5 b;3.14;2.65022;2021;1.508;0.047;149.6;7690.0
TOI-1444 b;0.01218;0.4702694;2021;0.12463;;125.0;5430.0
TOI-1478 b;0.847;10.180249;2021;1.06;0.0903;153.0;5595.0
TOI-150 b;2.51;5.857487;2019;1.255;0.0643;336.0;6029.0
TOI-1518 b;2.3;1.902603;2021;1.875;0.039;;7300.0
TOI-157 b;1.18;2.0845435;2020;1.286;0.0318;362.1;5404.0
TOI-1601 b;0.99;5.331751;2021;1.239;0.06864;336.0;5948.0
TOI-163 b;1.22;4.231306;2019;1.489;0.058;416.7;6495.0
TOI-1634 b;0.01545;0.989343;2021;0.1597;0.01545;35.274;3550.0
TOI-1685 b;0.01189;0.6691403;2021;0.152;;37.609;3434.0
TOI-169 b;0.791;2.2554477;2020;1.086;0.03524;412.5;5880.0
TOI-172 b;5.41;9.47721;2019;0.965;0.0913;336.47;5644.0
TOI-1728 b;0.08426;3.49151;2020;0.4505;0.0391;60.8;3980.0
TOI-178 b;0.00472;1.914558;2020;0.10278;0.02607;63.0;4316.0
TOI-178 c;0.01501;3.23845;2018;0.1489;0.037;63.0;4316.0
TOI-178 d;0.00947;6.5577;2018;0.22946;0.0592;63.0;4316.0
TOI-178 e;0.01214;9.961881;2020;0.1969;0.0783;63.0;4316.0
TOI-178 f;0.02429;15.231915;2019;0.20403;0.1039;63.0;4316.0
TOI-178 g;0.0124;20.7095;2020;0.256;0.1275;63.0;4316.0
TOI-1789 b;0.7;3.208666;2021;1.4;0.04873;223.55;5984.0
TOI-1899 b;0.66;29.02;2020;1.37;0.1587;128.4;3841.0
TOI-201 b;0.42;52.97818;2021;1.0;0.3;114.2;6394.0
TOI-216 b;0.059;17.0968;2019;0.6861;0.1293;178.89;5045.0
TOI-216 c;0.56;34.5516;2019;0.901;0.2068;178.89;5045.0
TOI-2184 b;0.65;6.90683;2021;1.017;;;5966.0
TOI-220 b;0.0428;10.695264;2021;0.2694;0.0892;89.0;5298.0
TOI-2202 b;0.978;11.9101;2021;1.0;0.09564;235.93;5144.0
TOI-2202 c;0.369;24.6744;2021;;0.15544;235.93;5144.0
TOI-2257 b;0.0179;35.189346;2021;0.19574;0.145;57.7911;3430.0
TOI-2285 b;0.0614;27.26955;2021;0.1552;0.1363;42.409;3491.0
TOI-237 b;0.009;5.436098;2020;0.1285;0.0341;38.11;3212.0
TOI-2406 b;0.0286;3.0766896;2021;0.2623;0.0228;55.6;3100.0
TOI-251 b;1.0;4.93777;2020;0.2444;0.05741;99.52;5875.0
TOI-257 b;0.134;18.38827;2020;0.626;0.1523;77.07;6075.0
TOI-263 b;61.6;0.5568143;2019;0.91;0.0098;279.0;3250.0
TOI-269 b;0.0277;3.6977104;2021;0.2471;0.0345;57.023;3514.0
TOI-270 b;0.006;3.36008;2019;0.11125;0.0306;22.453;3386.0
TOI-270 c;0.0208;5.660172;2019;0.2159;0.0472;22.453;3386.0
TOI-270 d;0.017;11.38014;2019;0.19;0.0733;22.453;3386.0
TOI-3362 b;5.029;18.09547;2021;1.142;0.153;370.85;6532.0
TOI-402 b;0.0227;4.75642;2019;0.1516;0.05245;44.86;5131.0
TOI-402 c;0.02766;17.1784;2019;0.225;0.1235;44.86;5131.0
TOI-4138 b;0.67;3.660028;2021;1.49;0.051;507.0;
TOI-421 b;0.05107;16.06815;2020;0.4612;0.1182;;
TOI-421 c;0.02218;5.19676;2020;0.2427;0.0557;;
TOI-431 b;0.00966;0.490047;2021;0.1142;0.0113;32.61;4850.0
TOI-431 c;2.84;4.8494;2021;;0.052;32.61;4850.0
TOI-431 d;0.0311;12.46103;2021;0.2935;0.098;32.61;4850.0
TOI-481 b;1.53;10.33111;2020;0.99;0.097;;
TOI-503 b;53.6;3.6775;2019;1.29;;;7639.0
TOI-530 b;0.4;6.387597;2021;0.83;0.052;147.7;3659.0
TOI-532 b;0.1935;2.32666508;2021;0.5192;0.0296;134.61;3957.0
TOI-558 b;3.61;14.574071;2021;1.086;0.1291;401.0;6466.0
TOI-559 b;6.01;6.9839095;2021;1.091;0.0723;233.2;5925.0
TOI-561 c;0.017;10.778853;2020;0.2569;0.0888;86.01;5326.0
TOI-561 d;0.0376;25.62;2020;0.2257;;86.01;5326.0
TOI-561 e;0.05;77.23;2020;0.2382;;86.01;5326.0
TOI-564 b;1.463;1.651144;2019;1.02;0.02734;200.7;5666.0
TOI-628 b;6.33;3.4095675;2021;1.06;0.0486;178.5;6250.0
TOI-640 b;0.88;5.0037775;2021;1.771;0.06608;341.9;6460.0
TOI-674 b;0.0739;1.977143;2021;0.4693;0.0231;46.16;3505.0
TOI-677 b;1.236;11.2366;2019;1.179;0.1038;143.0;6295.0
TOI-700 b;0.00406;9.97701;2020;0.0901;0.0637;31.127;3480.0
TOI-700 c;0.0249;16.051998;2020;0.2346;0.0925;31.127;3480.0
TOI-700 d;0.00711;37.426;2020;0.1062;0.163;31.127;3480.0
TOI-712 b;0.0176;9.531361;2021;0.1828;0.07928;58.62;4622.0
TOI-712 c;0.0274;51.69906;2021;0.241;0.2447;58.62;4622.0
TOI-712 d;0.0236;84.8396;2021;0.22072;0.3405;58.62;4622.0
TOI-763 b;0.0308;5.6057;2020;0.2034;0.06;95.39;5450.0
TOI-763 c;0.02932;12.2737;2020;0.2346;0.1;95.39;5450.0
TOI-776 b;0.01466;8.24664;2020;0.1633;0.0652;27.19;3709.0
TOI-776 c;0.0192;15.6653;2020;0.1838;0.1;27.19;3709.0
TOI-811 b;55.3;25.16551;2020;1.35;;;6013.0
TOI-824 b;0.058104;1.392978;2020;0.26104;0.02177;63.71;4616.0
TOI-849 b;0.12299;0.76552414;2020;0.30726;0.01598;225.2;5375.3
TOI-852 b;53.7;4.94561;2020;0.75;;;5746.0
TOI-892 b;0.95;10.62656;2020;1.07;0.092;;
TOI-905 b;0.667;3.739494;2019;1.171;0.04666;159.4;5300.0
TOI-942 b;2.599;4.32419;;0.4291;0.04796;153.2732;4969.0
TOI-942 c;2.501;10.15643;2020;0.5166;0.0847;153.2732;4969.0
TOI-954 b;0.174;3.6849729;2020;0.852;0.04963;235.7;5710.0
TRAPPIST-1 b;0.0027;1.51087081;2016;0.09689;0.01111;12.1;2560.0
TRAPPIST-1 c;0.00434;2.4218233;2016;0.09421;0.01521;12.1;2560.0
TRAPPIST-1 d;0.0013;4.04961;2016;0.0689;0.02144;12.1;2560.0
TRAPPIST-1 e;0.002;6.099615;2017;0.0819;0.02817;12.1;2560.0
TRAPPIST-1 f;0.0021;9.20669;2017;0.09323;0.0371;12.1;2560.0
TRAPPIST-1 g;0.00422;12.35294;2017;0.1005;0.0451;12.1;2560.0
TRAPPIST-1 h;0.001041;20.0;2017;0.0674;0.063;12.1;2560.0
TVLM 513-46546 b;0.38;220.0;2020;;0.3;10.706;
TrES-1 b;0.761;3.0300722;2004;1.099;0.0393;157.0;
TrES-2 A b;1.253;2.4706133738;2006;1.189;0.03555;220.0;5850.0
TrES-3 b;1.91;1.30618608;2007;1.305;0.0226;;5720.0
TrES-4 b;0.917;3.5539268;2007;1.706;0.05084;479.0;6200.0
TrES-5 b;1.778;1.4822446;2011;1.209;0.02446;360.0;5171.0
UZ For (AB) b;6.3;5800.0;2010;;5.9;;
UZ For (AB) c;7.7;1900.0;2011;;2.8;;
V 1298 Tau b;2.2;24.1382;2019;0.8217;0.1688;108.5;4970.0
V391 Peg b;3.2;1170.0;2007;;1.7;1400.0;29300.0
WASP-1 b;0.947;2.5199448;2006;1.514;0.03958;;6200.0
WASP-10 b;3.16;3.0927616;2008;1.08;0.0371;90.0;4675.0
WASP-100 b;2.03;2.849375;2013;1.69;0.0457;;6900.0
WASP-101 b;0.5;3.585722;2013;1.41;0.0506;;6400.0
WASP-102 b;0.624;2.709813;2016;1.259;0.0401;;5940.0
WASP-103 b;1.49;0.925542;2014;1.528;0.01985;470.0;6110.0
WASP-104 b;1.272;1.7554137;2014;1.137;0.02918;143.0;5450.0
WASP-105 b;1.8;7.87288;2017;0.96;0.075;;5070.0
WASP-106 b;1.925;9.289715;2014;1.085;0.0917;283.0;6000.0
WASP-107 b;0.12;5.72149;2017;0.94;0.055;;4430.0
WASP-108 b;1.167;2.6755463;2014;1.215;0.0397;220.0;6000.0
WASP-109 b;0.91;3.3190233;2014;1.443;0.0463;330.0;6520.0
WASP-110 b;0.515;3.7783977;2014;1.238;0.0457;320.0;5400.0
WASP-111 b;1.85;2.310965;2014;1.442;0.03914;210.0;6400.0
WASP-112 b;0.88;3.0353992;2014;1.191;0.0382;450.0;5610.0
WASP-113 b;0.475;4.54216874538;2016;1.409;0.05885;360.0;5890.0
WASP-114 b;1.769;1.5487743;2016;1.339;0.02851;460.0;5940.0
WASP-117 b;0.2755;10.02165;2014;1.021;0.09459;;6040.0
WASP-118 b;0.514;4.0460435;2016;1.44;0.05453;380.53;6410.0
WASP-119 b;1.23;2.49979;2016;1.4;0.0363;333.0;5650.0
WASP-12 b;1.47;1.0914203;2008;1.9;0.02344;432.5;6360.0
WASP-120 b;5.06;3.6112706;2015;1.515;0.0522;;6450.0
WASP-121 b;1.184;1.2749255;2015;1.865;0.02544;270.0;6460.0
WASP-122 b;1.401;1.7100567;2015;1.792;0.03107;;5730.0
WASP-123 b;0.92;2.977641;2015;1.327;0.0431;;5730.0
WASP-124 b;0.6;3.37265;2016;1.24;0.0499;433.0;6050.0
WASP-126 b;0.2841;3.2888;2016;0.96;0.0449;234.0;5800.0
WASP-126 c;0.202;7.63;2019;;;234.0;5800.0
WASP-127 b;0.18;4.178062;2016;1.37;0.052;;5620.0
WASP-128 b;37.19;2.20883665;2018;0.937;0.0359;422.0;5950.0
WASP-129 b;1.0;5.748145;2016;0.93;0.0628;246.0;5900.0
WASP-13 b;0.485;4.353011;2008;1.365;0.05379;156.0;5826.0
WASP-130 b;1.23;11.55098;2016;0.89;0.1012;180.0;5625.0
WASP-131 b;0.27;5.322023;2016;1.22;0.0607;250.0;6030.0
WASP-132 b;0.41;7.133521;2016;0.87;0.067;120.0;4775.0
WASP-133 b;1.16;2.176423;2016;1.21;0.0345;457.0;5700.0
WASP-134 b;1.412;10.1467583;2018;0.988;0.0956;195.0;5700.0
WASP-135 b;1.9;1.4013794;2015;1.3;0.0243;300.0;5680.0
WASP-136 b;1.51;5.215357;2016;1.38;0.0661;164.0;6260.0
WASP-137 b;0.681;3.9080284;2018;1.27;0.0519;289.0;6100.0
WASP-138 b;1.22;3.634433;2016;;0.0494;308.0;6272.0
WASP-139 b;0.117;5.924262;2016;0.8;0.062;230.0;5310.0
WASP-14 b;7.341;2.2437661;2008;1.281;0.036;160.0;6475.0
WASP-140 b;2.44;2.2359835;2016;1.44;0.0323;180.0;5260.0
WASP-141 b;2.69;3.310651;2016;1.21;0.0469;570.0;5900.0
WASP-142 b;0.84;2.052868;2016;1.53;0.0347;840.0;6010.0
WASP-143 b;0.725;3.778873;;1.234;0.049;402.0;5900.0
WASP-144 b;0.44;2.2783152;2018;0.85;0.0316;;4950.0
WASP-146 b;1.11;3.396944;2018;1.228;0.0451;495.0;6100.0
WASP-147 b;0.275;4.60273;2018;1.115;0.0549;426.0;5702.0
WASP-148 b;0.29;8.80381;2020;0.72;0.0845;248.1;5460.0
WASP-15 b;0.542;3.7520656;2008;1.428;0.0499;308.0;6300.0
WASP-150 b;8.46;5.644207;2020;1.07;0.0694;536.0;6093.0
WASP-151 b;0.31;4.533471;2017;1.13;0.055;480.0;5871.0
WASP-153 b;0.39;3.332609;2017;1.55;0.048;430.0;5914.0
WASP-156 b;0.1303;3.8361603;2017;0.554;0.0451;140.0;4910.0
WASP-157 b;0.576;3.951623;2016;0.998;0.0499;337.71;5772.0
WASP-159 b;0.55;3.840401;2018;1.38;0.0538;;6000.0
WASP-16 b;0.855;3.1186009;2009;1.008;0.0421;;5550.0
WASP-160 B b;0.281;3.768495;2018;1.093;0.0455;;5302.0
WASP-161 b;2.49;5.4060425;2018;1.143;0.0673;;6406.0
WASP-162 b;5.2;9.62468;2018;1.0;0.0871;;5300.0
WASP-163 b;1.87;1.6096884;2018;1.202;0.0266;;5499.0
WASP-164 b;2.13;1.7771255;2018;1.128;0.02818;;5806.0
WASP-165 b;0.658;3.465509;2018;1.26;0.04823;;5599.0
WASP-166 b;0.102;5.443526;2018;0.63;0.0642;113.0;6050.0
WASP-167 b;8.0;2.0219591;2017;1.51;0.0365;381.0;7043.0
WASP-168 b;0.42;4.153658;2018;1.5;0.0519;;6000.0
WASP-169 b;0.561;5.6114118;2019;1.304;0.0681;638.0;6110.0
WASP-17 b;0.486;3.735438;2009;1.991;0.0515;;6650.0
WASP-170 b;1.6;2.34478022;2018;1.096;0.0337;;5593.0
WASP-171 b;1.084;3.8186244;2019;0.988;0.0504;774.0;5965.0
WASP-172 b;0.47;5.477433;2018;1.57;0.0694;;6900.0
WASP-174 b;0.33;4.2337005;2018;1.437;0.05503;;6400.0
WASP-175 b;0.99;3.0652907;2019;1.208;0.044;584.0;6229.0
WASP-176 b;0.855;3.899052;2020;1.505;0.0535;578.0;5902.0
WASP-177 b;0.508;3.071722;2019;1.58;0.03957;178.0;5017.0
WASP-178 b;1.41;3.3448285;2019;1.94;0.0558;417.0;8640.0
WASP-18 b;10.4296;0.9414518;2009;1.165;0.02047;100.0;6400.0
WASP-18 c;0.1737;2.1558;2019;;;100.0;6400.0
WASP-180 A b;0.8;3.409265;2019;1.29;0.048;255.8;6600.0
WASP-181 b;0.299;4.5195064;2019;1.184;0.05427;443.0;5839.0
WASP-182 b;0.148;3.3769848;2019;0.85;0.0451;331.0;5638.0
WASP-183 b;0.502;4.1117771;2019;1.47;0.04632;328.0;5313.0
WASP-184 b;0.57;5.1817;2019;1.33;0.0627;640.0;6000.0
WASP-185 b;0.98;9.38755;2019;1.25;0.0904;;
WASP-186 b;4.22;5.026799;2019;1.11;0.06;280.0;6361.0
WASP-187 b;0.8;5.147878;2020;1.64;0.0653;376.0;6150.0
WASP-189 b;1.99;2.724033;2018;1.619;0.05053;99.0;7996.0
WASP-19 b;1.139;0.78884;2009;1.41;0.016634;;5500.0
WASP-190 b;1.0;5.367753;2018;1.15;0.0663;555.0;6400.0
WASP-192 b;2.3;2.8786765;2019;1.23;0.0408;;
WASP-2 A b;0.847;2.15222144;2006;1.079;0.03138;144.0;5150.0
WASP-20 A b;0.313;4.8996285;2011;1.459;0.06003;210.0;5950.0
WASP-21 b;0.3;4.3225126;2010;1.21;0.052;230.0;5800.0
WASP-22 b;0.617;3.5327313;2010;1.199;0.04698;300.0;6000.0
WASP-23 b;0.884;2.9444256;2010;0.962;0.0376;;5150.0
WASP-24 b;1.071;2.3412127;2010;1.3;0.03651;332.5;6075.0
WASP-25 b;0.58;3.76483;2010;1.26;0.0474;169.0;5750.0
WASP-26 b;1.028;2.7566004;2010;1.281;0.03985;250.0;5950.0
WASP-28 b;0.907;3.40883;2010;1.213;0.04469;410.0;6150.0
WASP-29 b;0.243;3.92271218;2010;0.775;0.047;80.0;4800.0
WASP-3 b;2.06;1.8468372;2007;1.454;0.0313;223.0;6400.0
WASP-31 b;0.478;3.405909;2010;1.537;0.04657;400.0;6200.0
WASP-32 b;3.6;2.71865;2010;1.18;0.0394;;6100.0
WASP-33 b;2.8;1.21986967;2010;1.603;0.02558;116.0;7400.0
WASP-34 b;0.59;4.3176782;2010;1.22;0.0524;120.0;5700.0
WASP-35 b;0.72;3.161575;2011;1.32;0.04317;;
WASP-36 b;2.279;1.5373653;2010;1.269;0.02624;450.0;5881.0
WASP-37 b;1.8;3.577471;2010;1.16;0.04339;338.0;5800.0
WASP-38 b;2.712;6.871815;2010;1.079;0.07551;110.0;6150.0
WASP-39 b;0.28;4.055259;2011;1.27;0.0486;230.0;5400.0
WASP-4 b;1.1974;1.338231602;2007;1.3846;0.02312;300.0;5500.0
WASP-41 b;0.94;3.052404;2010;1.18;0.04;180.0;5450.0
WASP-42 b;0.5;4.9816872;2011;1.08;0.0458;;
WASP-43 b;2.052;0.81347753;2011;1.036;0.01526;;4520.0
WASP-44 b;0.889;2.4238039;2011;1.14;0.03473;;5410.0
WASP-45 b;1.007;3.1260876;2011;1.16;0.04054;;5140.0
WASP-46 b;2.101;1.43037;2011;1.31;0.02448;;5620.0
WASP-47 b;1.14243;4.1591289;2012;1.127;0.052;266.69;5552.0
WASP-47 c;1.31;596.0;2015;;1.41;266.69;5552.0
WASP-47 d;0.04122;9.03077;2015;0.319;0.088;266.69;5552.0
WASP-47 e;0.02149;0.789592;2015;0.161;0.0173;266.69;5552.0
WASP-48 b;0.98;2.143634;2011;1.67;0.03444;;5990.0
WASP-49 A b;0.378;2.7817387;2011;1.115;0.0378;;
WASP-5 b;1.637;1.6284246;2007;1.171;0.02729;297.0;5700.0
WASP-50 b;1.437;1.9550959;2011;1.138;0.02913;230.0;5400.0
WASP-52 b;0.46;1.7497798;2011;1.27;0.0272;140.0;5000.0
WASP-53 b;2.132;3.3098443;2011;1.074;0.04101;235.0;4953.0
WASP-55 b;0.61;4.46563;2012;1.33;0.0533;299.97;5900.0
WASP-58 b;0.89;5.01718;2011;1.37;0.0561;300.0;5800.0
WASP-6 b;0.503;3.361006;2008;1.224;0.0421;307.0;5450.0
WASP-61 b;2.06;3.8559;2011;1.24;0.0514;480.0;6250.0
WASP-62 b;0.57;4.411953;2011;1.39;0.0567;160.0;6230.0
WASP-63 b;0.38;4.37809;2011;1.43;0.0574;330.0;5550.0
WASP-65 b;1.55;2.3114243;2011;1.112;0.0334;310.0;5600.0
WASP-66 b;2.32;4.086052;2011;1.39;0.0546;380.0;6600.0
WASP-67 b;0.42;4.61442;2011;1.4;0.0517;225.0;5200.0
WASP-68 b;0.95;5.084298;2011;1.24;0.06206;;
WASP-69 b;0.26;3.8681382;2011;1.057;0.04525;50.0;4715.0
WASP-7 b;0.96;4.9546416;2008;1.33;0.0617;140.0;6400.0
WASP-70 A b;0.59;3.7130203;2011;1.164;0.04853;245.0;5763.0
WASP-71 b;2.258;2.9036747;2012;1.5;0.04631;200.0;6050.0
WASP-72 b;1.461;2.2167421;2013;1.27;0.03708;;6250.0
WASP-73 b;1.88;4.08722;2013;1.16;0.05512;;6030.0
WASP-74 b;0.826;2.13775138;2014;1.248;0.03443;120.0;5970.0
WASP-75 b;1.07;2.484193;2013;1.27;0.0375;260.0;6100.0
WASP-76 b;0.92;1.809886;2013;1.83;0.033;195.3;6250.0
WASP-77 A b;1.76;1.3600309;2012;1.21;0.024;;5500.0
WASP-78 b;0.89;2.17517656;2012;1.7;0.0415;550.0;6100.0
WASP-79 b;0.9;3.6623817;2012;1.7;0.0539;240.0;6600.0
WASP-8 b;2.244;8.158715;2008;1.038;0.0801;87.0;5600.0
WASP-80 b;0.554;3.0678504;2013;0.952;0.0346;60.0;4145.0
WASP-81 b;0.729;2.7164762;2016;1.429;0.03908;410.0;5870.0
WASP-82 b;1.24;2.705782;2013;1.67;0.0447;200.0;6500.0
WASP-83 b;0.3;4.071252;2014;1.04;0.059;300.0;5480.0
WASP-84 b;0.694;8.5234865;2013;0.942;0.0771;120.0;5314.0
WASP-85 A b;1.265;2.6556777;2016;1.24;0.039;;6112.0
WASP-87 A b;2.21;1.682795;2014;1.385;0.02946;240.0;6450.0
WASP-88 b;0.56;4.954;2013;1.7;0.06431;;6431.0
WASP-89 b;5.9;3.3564227;2014;1.04;0.0427;;4955.0
WASP-90 b;0.63;3.916243;2013;1.63;0.0562;340.0;6430.0
WASP-91 b;1.34;2.798581;2017;1.03;0.037;;4920.0
WASP-92 b;0.805;2.1746742;2016;1.461;0.0348;530.0;6280.0
WASP-93 b;1.47;2.7325321;2016;1.597;0.04211;250.0;6700.0
WASP-94 A b;0.452;3.9501907;2014;1.72;0.055;;6170.0
WASP-95 b;1.206;2.1846656;2013;1.098;0.0312;;5630.0
WASP-96 b;0.48;3.4252602;2013;1.2;0.0453;;5540.0
WASP-97 b;1.32;2.07276;2013;1.13;0.03303;;5640.0
WASP-98 b;0.83;2.96264;2013;1.1;0.036;;5525.0
WASP-99 b;2.78;5.75251;2013;1.1;0.0717;;6180.0
WD 0137-349 b;56.0;0.07943002;2006;;0.003;102.26;16500.0
WD 1032+011 b;70.0;0.091558961;2020;;;;
WD 1145+017 b;2.1e-06;0.1875;2015;;;174.0;15900.0
WISE 1217+16 A b;22.0;47400.0;2012;0.96;7.6;10.0;575.0
WISE 1711+3500 b;18.0;125000.0;2012;;15.0;19.0;770.0
WISE J0458+6434 A;57.0;15500.0;2019;;1.0;9.24;
WISE J0458+6434 B;14.0;15500.0;2019;;4.0;9.24;
WISE J0720-0846;62.0;1388.0;2014;;1.3;6.8;
WTS-1 b;4.01;3.352059;2012;1.49;0.047;3200.0;6250.0
WTS-2 b;1.12;1.0187074;2013;1.3;0.01855;1000.0;5000.0
Wendelstein-1 b;0.59;2.663416;2020;1.0;0.0282;304.0;4125.0
Wendelstein-2 b;0.73;1.7522239;2020;1.0;0.0234;575.0;4667.0
XO-1 b;0.9;3.9415128;2006;1.184;0.0488;200.0;
XO-2N b;0.62;2.615838;2007;0.973;0.0369;149.0;5340.0
XO-3 b;11.79;3.1915239;2007;1.217;0.0454;260.0;6781.0
XO-4 b;1.616;4.12473;2008;1.317;0.05485;293.0;5700.0
XO-5 b;1.077;4.1877537;2008;1.03;0.0487;255.0;5510.0
XO-6 b;1.9;3.7650007;2016;2.07;0.0815;86.0;6720.0
XO-7 b;0.709;2.8641424;2019;1.373;0.04421;234.1;6250.0
XTE J1751-305 b;27.0;0.02945997;2002;;;11000.0;
ZTF J0038+2030 b;59.3;0.4319208;2021;0.783;0.0092;138.3;
beta Pic b;11.9;7707.0;2008;1.65;9.93;19.3;
beta Pic c;8.89;1227.0;2019;1.2;2.68;19.3;
eps Eridani b;0.65;2671.0;2000;;3.53;3.2;5116.0
eps Ind A b;3.25;16509.0;2018;;11.55;3.62;
gamma 1 Leo b;63.88;428.5;2009;;1.19;38.5;4330.0
gamma Cephei b;11.09;903.3;2003;;2.05;13.79;4800.0
kappa And b;13.0;215000.0;2013;1.2;100.0;50.0;11361.0
pi Men b;13.01;2089.11;2001;;3.308;18.37;6037.0
pi Men c;0.01517;6.26784;2018;0.16719;0.06702;18.37;6037.0
tau Boo A b;5.84;3.31249;1996;1.06;0.046;15.6;6309.0
ups And b;0.62;4.61711;1996;;0.059;13.47;6212.0
ups And c;9.1;240.937;1999;;0.861;13.47;6212.0
ups And d;23.58;1281.439;1999;;2.55;13.47;6212.0
